﻿"Openbare bibliotheken"
""
"";"";"Periods"
"Subject";"";"2005, excluding provincial organisations";"2006, excluding provincial organisations";"2007, excluding provincial organisations";"2008, excluding provincial organizations";"2009, excluding provincial organisations";"2010, excluding provincial organizations";"2011, excluding provincial organisations";"2012, excluding provincial organisations";"2013, excluding provincial organisations";"2014, excluding provincial organisations";"2015, excluding provincial organisations";"2016, excluding provincial organisations";"2017, excluding provincial organisations";"2018, excluding provincial organisations";"2019, excluding provincial organisations";"2020, excluding provincial organizations";"2021, excluding provincial organisations";"2022, excluding provincial organisations*"
"Aantal openbare bibliotheken";"number";"341";"238";"202";"194";"171";"166";"163";"162";"160";"157";"156";"154";"149";"146";"145";"140";"139";"137"
"Collectie|Totaal collectie";"x 1 000";"35440";"33883";"33921";"33711";"32088";"31323";"30667";"29120";"27411";"26561";"25356";"24859";"25201";"24417";"24378";"24818";"23817";"23542"
"Collectie|Boeken|Totaal boeken";"x 1 000";"31269";"31158";"31211";"31047";"29299";"28532";"27922";"26487";"24837";"24243";"23231";"22924";"23342";"22717";"22798";"23382";"22607";"22458"
"Collectie|Boeken|Boeken voor volwassenen|Totaal boeken volwassenen";"x 1 000";"19078";"18791";"18764";"18382";"16781";"16194";"15552";"14775";"13627";"13071";"11986";"11400";"11592";"10865";"10628";"10848";"10184";"9906"
"Collectie|Boeken|Boeken voor volwassenen|Fictie";"x 1 000";"9452";"9404";"9454";"9524";"8999";"8791";"8677";"8205";"7614";"7106";"6678";"6398";"6395";"5963";"5870";"6038";"5607";"5459"
"Collectie|Boeken|Boeken voor volwassenen|Non-fictie";"x 1 000";"9366";"9145";"9104";"8858";"7783";"7403";"6875";"6570";"6013";"5965";"5308";"5002";"5197";"4902";"4758";"4810";"4578";"4447"
"Collectie|Boeken|Boeken voor volwassenen|Naslagwerken";"x 1 000";"260";"243";"206";"";"";"";"";"";"";"";"";"";"";"";"";"";"";""
"Collectie|Boeken|Boeken voor de jeugd|Totaal boeken voor de jeugd";"x 1 000";"12191";"12367";"12447";"12665";"12517";"12338";"12370";"11712";"11210";"11173";"11245";"11524";"11750";"11852";"12170";"12533";"12423";"12553"
"Collectie|Boeken|Boeken voor de jeugd|Fictie";"x 1 000";"8678";"8762";"8895";"9052";"8954";"8982";"9082";"8663";"8394";"8388";"8541";"8905";"9076";"9132";"9407";"9774";"9681";"9799"
"Collectie|Boeken|Boeken voor de jeugd|Non-fictie";"x 1 000";"3498";"3590";"3540";"3613";"3563";"3356";"3288";"3049";"2816";"2785";"2704";"2619";"2674";"2720";"2763";"2759";"2742";"2754"
"Collectie|Boeken|Boeken voor de jeugd|Naslagwerken";"x 1 000";"15";"15";"12";"";"";"";"";"";"";"";"";"";"";"";"";"";"";""
"Collectie|Bladmuziek";"x 1 000";"591";"553";"14°";"532";"476";"494";"482";"444";"419";"380";"365";"350";"329";"330";"321";"311";"231";"229"
"Collectie|Audiovisuele materialen|Totaal audiovisuele materialen";"x 1 000";"2274";"2172";"2166";"2132";"2313";"2297";"2263";"2189";"2155";"1938";"1761";"1585";"1530";"1369";"1259";"1125";"978";"855"
"Collectie|Audiovisuele materialen|Muziek Cd's";"x 1 000";"1292";"1173";"1126";"1006";"973";"910";"818";"726";"629";"532";"450";"343";"312";"266";"42s";"146";"129";"126"
"Collectie|Audiovisuele materialen|Dvd's";"x 1 000";"594";"608";"682";"765";"834";"913";"972";"1009";"1097";"1001";"948";"911";"902";"814";"755";"735";"639";"548"
"Collectie|Audiovisuele materialen|Cd-rom's, Cd-I's";"x 1 000";"263";"239";"227";"";"";"";"";"";"";"";"";"";"";"";"";"";"";""
"Collectie|Audiovisuele materialen|Andere audiovisuele materialen";"x 1 000";"125";"152";"130";"361";"507";"475";"473";"454";"429";"404";"363";"331";"316";"289";"279";"244";"211";"181"
"Collectie|Losse tijdschriften";"x 1 000";"841";".";".";".";".";".";".";".";".";".";".";".";".";".";".";".";".";"."
"Collectie|Overig collecties";"x 1 000";"465";".";".";".";".";".";".";".";".";".";".";".";".";".";".";".";".";"."
"Uitleningen|Totaal uitleningen";"x 1 000";"132579";"126591";"124680";"112592";"104851";"100102";"100025";"92332";"84397";"80396";"78069";"73468";"71490";"66608";"63844";"44958";"40772";"54336"
"Uitleningen|Boeken|Totaal uitgeleende boeken";"x 1 000";"120101";"120520";"118673";"106789";"98342";"93398";"93028";"85193";"77701";"73374";"72728";"68811";"67380";"63307";"61099";"43428";"39794";"53281"
"Uitleningen|Boeken|Boeken voor volwassenen|Totaal boeken voor volwassenen";"x 1 000";"66806";"65768";"63884";"57731";"52251";"49961";"48832";"44397";"39674";"37520";"35510";"32941";"31411";"28803";"26985";"19593";"17041";"21661"
"Uitleningen|Boeken|Boeken voor volwassenen|Fictie";"x 1 000";"48452";"47212";"46715";"42554";"39737";"38258";"37391";"34014";"30593";"28543";"27401";"25401";"24233";"22276";"20670";"15268";"13183";"16682"
"Uitleningen|Boeken|Boeken voor volwassenen|Non-fictie";"x 1 000";"18345";"18547";"17163";"15177";"12514";"11703";"11441";"10383";"9081";"8977";"8109";"7541";"7178";"6527";"6315";"4325";"3857";"4979"
"Uitleningen|Boeken|Boeken voor volwassenen|Naslagwerken";"x 1 000";"9";"9";"7";"";"";"";"";"";"";"";"";"";"";"";"";"";"";""
"Uitleningen|Boeken|Boeken voor de jeugd|Totaal boeken voor de jeugd";"x 1 000";"53295";"54752";"54788";"49058";"46091";"43437";"44196";"40796";"38027";"35855";"37218";"35870";"35969";"34504";"34113";"23835";"22753";"31620"
"Uitleningen|Boeken|Boeken voor de jeugd|Fictie";"x 1 000";"44265";"45366";"45587";"40676";"38344";"36269";"37064";"34535";"32157";"30150";"31704";"30551";"30727";"29331";"28880";"20416";"19637";"27098"
"Uitleningen|Boeken|Boeken voor de jeugd|Non-fictie";"x 1 000";"9025";"9383";"9200";"8382";"7747";"7168";"7132";"6261";"5870";"5705";"5514";"5319";"5242";"5174";"5233";"3419";"3116";"4522"
"Uitleningen|Boeken|Boeken voor de jeugd|Naslagwerken";"x 1 000";"4";"3";"1";"";"";"";"";"";"";"";"";"";"";"";"";"";"";""
"Uitleningen|Bladmuziek";"x 1 000";"444";"428";"409";"370";"298";"255";"230";"197";"160";"141";"123";"102";"93";"78";"73";"45";"35";"44"
"Uitleningen|Audiovisuele materialen|Totaal audiovisuele materialen";"x 1 000";"6020";"5644";"5599";"5433";"6211";"6450";"6768";"6942";"6536";"6880";"5217";"4554";"4017";"3222";"2672";"1485";"943";"1012"
"Uitleningen|Audiovisuele materialen|Muziek Cd's";"x 1 000";"2312";"1947";"1736";"1544";"1533";"1420";"1335";"1220";"966";"832";"667";"16°";"443";"337";"322";"103";"73";"80"
"Uitleningen|Audiovisuele materialen|Dvd's";"x 1 000";"2622";"2788";"3051";"3047";"3346";"3799";"4194";"4644";"4634";"5118";"3793";"3356";"2848";"2397";"2005";"1177";"730";"795"
"Uitleningen|Audiovisuele materialen|Cd-rom's, Cd-I's";"x 1 000";"733";"570";"476";"";"";"";"";"";"";"";"";"";"";"";"";"";"";""
"Uitleningen|Audiovisuele materialen|Andere audiovisuele middelen";"x 1 000";"353";"339";"336";"841";"1332";"1231";"1239";"1078";"936";"930";"756";"634";"725";"488";"345";"205";"141";"136"
"Uitleningen|Losse tijdschriften";"x 1 000";"5135";".";".";".";".";".";".";".";".";".";".";".";".";".";".";".";".";"."
"Uitleningen|Overig uitleningen";"x 1 000";"880";".";".";".";".";".";".";".";".";".";".";".";".";".";".";".";".";"."
"Ingeschreven gebruikers|Totaal ingeschreven gebruikers";"x 1 000";"4039";"4001";"4011";"3969";"4027";"3996";"4009";"3970";"3858";"3784";"3784";"3716";"3704";"3655";"3620";"3492";"3330";"3442"
"Ingeschreven gebruikers|Jeugd";"x 1 000";"1976";"2003";"2053";"2052";"2079";"2113";"2189";"2230";"2238";"2257";"2306";"2306";"2331";"2301";"2297";"2230";"2090";"2177"
"Ingeschreven gebruikers|Volwassenen";"x 1 000";"2063";"1998";"1958";"1917";"1948";"1883";"1820";"1740";"1620";"1527";"1478";"1410";"1373";"1355";"1323";"1262";"1240";"1265"
"Bibliotheken naar contributietarief|Totaal bibliotheken";"number";"341";"238";"202";"194";"171";"166";"163";"162";"160";"157";"156";"154";"149";"146";"145";"140";"139";"137"
"Bibliotheken naar contributietarief|Contributietarief tot 15 euro";"number";".";".";".";".";".";".";".";".";".";".";".";".";".";".";".";".";".";"."
"Bibliotheken naar contributietarief|Contributietarief 15 tot 20 euro";"number";".";".";".";".";".";".";".";".";".";".";".";".";".";".";".";".";".";"."
"Bibliotheken naar contributietarief|Contributietarief 20 tot 25 euro";"number";".";".";".";".";".";".";".";".";".";".";".";".";".";".";".";".";".";"."
"Bibliotheken naar contributietarief|Contributietarief 25 euro en meer";"number";".";".";".";".";".";".";".";".";".";".";".";".";".";".";".";".";".";"."
"Bibliotheken naar contributietarief|Geen gewoon contributietarief";"number";".";".";".";".";".";".";".";".";".";".";".";".";".";".";".";".";".";"."
"Personeel|Totaal bezoldigd personeel|Totaal personen";"number";".";"9010";"9080";"9110";"9060";"8970";"8340";"7870";"6695";"6841";"6813";"6639";"6682";"6743";"6908";"6851";"7030";"7535"
"Personeel|Totaal bezoldigd personeel|Aantal fulltimers";"number";".";"970";"940";".";"950";"920";"860";"801";"727";"719";"740";"712";"704";"694";"667";"685";"695";"741"
"Personeel|Totaal bezoldigd personeel|Aantal parttimers";"number";".";"8030";"8140";".";"8110";"8050";"7480";"7069";"5968";"6122";"6073";"5927";"5978";"6049";"6241";"6166";"6335";"6794"
"Personeel|Totaal bezoldigd personeel|Totaal arbeidsjaren";"number";".";"5180";"5220";"5210";"5220";"5190";"5030";"4730";"4003";"4073";"4143";"4076";"4193";"4213";"4251";"4228";"4423";"4626"
"Personeel|Personeel in loondienst|Totaal personen";"number";".";".";".";".";".";".";".";".";".";".";".";".";".";".";".";".";".";"."
"Personeel|Personeel in loondienst|Aantal fulltimers";"number";".";".";".";".";".";".";".";".";".";".";".";".";".";".";".";".";".";"."
"Personeel|Personeel in loondienst|Aantal parttimers";"number";".";".";".";".";".";".";".";".";".";".";".";".";".";".";".";".";".";"."
"Personeel|Personeel in loondienst|Totaal arbeidsjaren";"number";".";".";".";".";".";".";".";".";".";".";".";".";".";".";".";".";".";"."
"Personeel|Personeel niet in loondienst|Totaal personen";"number";".";".";".";".";".";".";".";".";".";".";".";".";".";".";".";".";".";"."
"Personeel|Personeel niet in loondienst|Aantal fulltimers";"number";".";".";".";".";".";".";".";".";".";".";".";".";".";".";".";".";".";"."
"Personeel|Personeel niet in loondienst|Aantal parttimers";"number";".";".";".";".";".";".";".";".";".";".";".";".";".";".";".";".";".";"."
"Personeel|Personeel niet in loondienst|Totaal arbeidsjaren";"number";".";".";".";".";".";".";".";".";".";".";".";".";".";".";".";".";".";"."
"Personeel|Vrijwilligers|Totaal personen";"number";".";".";".";".";".";".";".";".";".";".";".";".";"16563";"19776";"22713";"22627";"23081";"25121"
"Personeel|Vrijwilligers|Totaal arbeidsjaren";"number";".";".";".";".";".";".";".";".";".";".";".";".";".";".";".";".";".";"."
"Exploitatie|Baten|Totaal baten";"million euros";"492,8";"503,9";"518,5";"544,6";"568,7";"574,2";"576,3";"570,6";"550,7";"523,8";"520,3";"519,5";"507,0";"517,0";"523,0";"520,0";"543,0";"588,0"
"Exploitatie|Baten|Inkomsten gebruikers";"million euros";"71,0";"69,9";"69,8";"69,7";"70,8";"71,8";"71,4";"69,8";"67,6";"62,3";"62,8";"62,7";"58,0";"56,4";"54,7";"49,5";"48,0";"50,0"
"Exploitatie|Baten|Inkomsten mobiele diensten";"million euros";"1,7";"1,4";"1,6";"1,4";"1,5";"1,5";"1,3";"1,1";"1,0";"1,8";"1,0";"0,7";"1,2";"2,0";"1,2";"0,7";"0,7";"0,8"
"Exploitatie|Baten|Subsidies en bijdragen|Totaal subsidies en bijdragen";"million euros";"395,7";"409,0";"424,7";"445,8";"463,7";"473,6";"471,3";"464,6";"449,5";"431,6";"428,9";"427,0";"413,9";"423,0";"430,0";"441,6";"461,6";"492,5"
"Exploitatie|Baten|Subsidies en bijdragen|Subsidies en bijdragen gemeenten";"million euros";"380,1";"388,5";"401,9";"422,9";"445,7";"457,8";"456,8";"452,1";"438,4";"420,9";"415,3";"415,3";"403,3";"409,3";"415,9";"428,1";"441,9";"458,9"
"Exploitatie|Baten|Subsidies en bijdragen|Subsidies en bijdragen provincies";"million euros";"9,9";"14,1";"16,4";"15,7";"14,2";"13,0";"10,9";"9,0";"8,5";"8,3";"10,0";"9,3";"8,0";"9,8";"8,2";"6,7";"9,1";"8,4"
"Exploitatie|Baten|Subsidies en bijdragen|Overige subsidies en bijdragen";"million euros";"5,7";"6,4";"6,5";"7,2";"3,7";"2,7";"3,6";"3,5";"2,6";"2,4";"3,6";"2,4";"2,6";"3,4";"5,7";"6,7";"10,7";"25,3"
"Exploitatie|Baten|Baten in verband met doorberekening|Totaal baten doorberekening";"million euros";"4,9";"8,9";"8,2";"10,4";"12,6";"11,9";"15,0";"15,8";"15,5";"17,2";"18,1";"19,1";"17,4";"22,0";"25,0";"18,4";"20,0";"27,0"
"Exploitatie|Baten|Baten in verband met doorberekening|Doorberekende personeelskosten";"million euros";"";"";"";"";"";"";"";"";"";"";".";"";"";"";"";"";"";""
"Exploitatie|Baten|Baten in verband met doorberekening|Doorberekende mobiele diensten";"million euros";".";".";".";".";".";".";".";".";".";".";".";".";".";".";".";".";".";"."
"Exploitatie|Baten|Baten in verband met doorberekening|Doorberekende kosten media";"million euros";".";".";".";".";".";".";".";".";".";".";".";".";".";".";".";".";".";"."
"Exploitatie|Baten|Baten in verband met doorberekening|Overige doorberekende kosten";"million euros";".";".";".";".";".";".";".";".";".";".";".";".";".";".";".";".";".";"."
"Exploitatie|Baten|Ontvangen rente";"million euros";"2,1";"1,9";"2,2";"3,5";"2,8";"1,8";"2,0";"2,3";"1,9";"1,3";"1,1";"0,7";"0,2";"0,1";"0,1";"0,0";"0,0";"0,0"
"Exploitatie|Baten|Overige baten";"million euros";"17,4";"12,9";"12,0";"13,7";"17,3";"13,7";"15,3";"17,0";"15,2";"9,6";"8,4";"9,3";"16,3";"14,2";"12,8";"9,9";"12,6";"17,7"
"Exploitatie|Lasten|Totaal lasten";"million euros";"485,2";"500,7";"513,7";"541,7";"563,7";"567,2";"564,7";"555,4";"534,5";"510,9";"517,7";"512,5";"509,0";"519,0";"529,0";"512,6";"536,4";"589,6"
"Exploitatie|Lasten|Huisvestingskosten";"million euros";"101,1";"101,5";"105,9";"113,5";"120,0";"123,2";"126,7";"131,9";"127,5";"118,8";"122,2";"118,5";"115,6";"115,3";"115,5";"119,2";"121,8";"125,7"
"Exploitatie|Lasten|Personeel in loondienst";"million euros";"226,3";"228,4";"232,9";"243,6";"248,6";"254,3";"250,3";"252,1";"241,2";"226,0";"227,7";"229,8";"232,7";"245,0";"253,0";"258,2";"265,3";"288,9"
"Exploitatie|Lasten|Personeel niet in loondienst";"million euros";"5,8";"11,6";"12,0";"13,4";"16,3";"16,0";"17,6";"14,5";"14,9";"15,9";"17,3";"17,1";"19,8";"18,9";"18,9";"16,0";"17,1";"24,5"
"Exploitatie|Lasten|Administratie en automatisering";"million euros";"41,5";"44,5";"45,0";"46,9";"49,4";"50,5";"50,6";"48,2";"46,5";"46,0";"46,2";"43,8";"43,1";"42,8";"42,0";"40,5";"41,0";"43,4"
"Exploitatie|Lasten|Mediakosten";"million euros";"75,5";"75,9";"75,5";"79,5";"79,8";"77,4";"75,9";"68,6";"70,0";"65,1";"63,1";"58,7";"56,7";"55,0";"54,8";"52,0";"49,6";"50,9"
"Exploitatie|Lasten|Betaalde rente";"million euros";"";"";"";"";"";"";"";"";"";"";"";"";"";"";"";"";"";""
"Exploitatie|Lasten|Afschrijvingen";"million euros";"";"";"";"";"";"";"";"";"";"";"";"";"";"";"";"";"";""
"Exploitatie|Lasten|Overige lasten";"million euros";"35,1";"38,8";"42,4";"44,8";"49,7";"45,7";"43,7";"40,1";"34,4";"39,0";"41,0";"44,6";"41,1";"42,0";"45,0";"26,8";"41,6";"56,1"
"Bron: CBS"
